ssn,salary,sex,dno,avg_sal,sum_sal
987654321,43000.00,F,4,31000.000000,93000.00
999887777,25000.00,F,4,31000.000000,93000.00
453453453,25000.00,F,5,45600.000000,93000.00
888665555,55000.00,M,1,55000.000000,283000.00
987987987,25000.00,M,4,31000.000000,283000.00
123456789,30000.00,M,5,45600.000000,283000.00
333445555,40000.00,M,5,45600.000000,283000.00
666884444,38000.00,M,5,45600.000000,283000.00
987654312,95000.00,M,5,45600.000000,283000.00
