ssn,salary,dno,avg_sal
888665555,55000.00,1,55000.000000
987654321,43000.00,4,31000.000000
987987987,25000.00,4,31000.000000
999887777,25000.00,4,31000.000000
123456789,30000.00,5,45600.000000
333445555,40000.00,5,45600.000000
453453453,25000.00,5,45600.000000
666884444,38000.00,5,45600.000000
987654312,95000.00,5,45600.000000
